Apple 아이폰 13 256GB [자급제],1180000,https://cr.shopping.naver.com/adcr.nhn?x=2yjjZxcRvEj2GN5ecvV32v%2F%2F%2Fw%3D%3DsKoDCuJefcSCrBweJ7y4Lv7pQ1Q4D7%2BVlwz0a5mnNpLxhJz9H0Ub4KLvuVTVtNMxM4DjzZ6I0%2B4eEWj8O25bJSRShaDufpO34K9xaROx1feRVSjC8cgcofh03qOwCCZHLe2M2QcL6%2FbvoHCgx0NcPgMi30QtKP1mA7BYZPpxeJLexWvZfe2todmJfmpbNrXnqXKJBKazWTMr3TF%2BX7oeAGbix7jXt7MNVc9AIu4EfDZlNEwRr%2B3STfYHGn%2FB5b3e4yLnbe5AFo%2FoVMhbwnaRcSmb7nUimbzi6bMH6AKFSg5hD4P%2Bj2CVvS6QkrpszyaIoCuwrUM2Vi5bq9fxYHuPhKaAAFRSiuItOC2ZgRXwt7cxfWAZwoC%2FQZaqPlNNGkljWDG4evy%2BM13j64UYOnhTyGURBSkVWpyFhCT1DprjDVs18xFiiHki%2FIAhpKNJriFwEpOVXrumE0IYWoVbuYGHPlfGaapYga7HBhJBzvlCStfjlE80KNwbfNxekQsGJejRksTXhzeKkynwlV5iG42bUw6gMcpi0H6C%2Fu92AYvc4BXxJWUy9fvMzT%2B%2BEep6CmbqktpPgQUBBobxKZazoVaQIhvdQj0Fs05Ggv28U6fv%2Bpopn7P0hYGdDSaT5Rj4DdnNEHRyPBWbUFRhWScTsgQynPg%3D%3D&nvMid=29029192591&catId=50001519
Apple 아이폰 13 프로 128GB [자급제],1296000,https://cr.shopping.naver.com/adcr.nhn?x=K5qPOrVqCjSRqIMf6fh%2F%2Bf%2F%2F%2Fw%3D%3DshD7QeA%2F5VojKaFCOdVummHnWpOJyVLr7IPu%2FMHQ%2FUyRhJz9H0Ub4KLvuVTVtNMxMdl78E5gsoiHDhQC4MHa8vRShaDufpO34K9xaROx1feRVSjC8cgcofh03qOwCCZHLe2M2QcL6%2FbvoHCgx0NcPgMi30QtKP1mA7BYZPpxeJLexWvZfe2todmJfmpbNrXnquNUGE%2F8E2Wl6h%2B8WEwxe9bix7jXt7MNVc9AIu4EfDZlNEwRr%2B3STfYHGn%2FB5b3e4yLnbe5AFo%2FoVMhbwnaRcSmb7nUimbzi6bMH6AKFSg5hD4P%2Bj2CVvS6QkrpszyaIoCuwrUM2Vi5bq9fxYHuPhKWQaF6wBv%2B85gSOabc7YyD3%2FRRmyfBwxlUgay2JOLGMrDG4evy%2BM13j64UYOnhTyGTKNO2ExDuP3ntbcueJXyXt6K503jBTFiO%2BslOwbxo4OpOVXrumE0IYWoVbuYGHPlT4OngYKgyg9ZO2oWjkSR%2BqSk2%2FG7h%2BXND%2B0hmw7cZaHhOBUHb0ZqO6MTkr8MsJnISPiTIlPWaD8bHcVHpxz5tmGtZs23rk3QBry1jNKcVIDEaThcwm2jOjlPe7qD4n466rfJvK5r0Yt4XJebnWCtwxmsq1TXMhI1U31KjL%2BDaVlHRyPBWbUFRhWScTsgQynPg%3D%3D&nvMid=29030420587&catId=50001519
Apple 아이폰 13 미니 128GB [자급제],921240,https://cr.shopping.naver.com/adcr.nhn?x=ycCfwSYqyWH7D%2Fh%2FNg5QMf%2F%2F%2Fw%3D%3DspZffIlB12cLOoJstJiq%2FaTAmbvv9CSRZySphbEf9n%2FIbsBKbbjTB%2BBCjsLv6tz%2BjQXsuP6NNq9cPFTZacvf2H4Jpkb9iC%2BLrc3F0f9eSe1eLEGxUoLVvWJio2iwp4qw5Rg8PGJVadqPmniv10HuGbEgAn8lD2%2BxrgblrBqYwPdWug%2B9sjA7rHdeMLkY%2BwIMUBsMQtj5XHDJQWXtaIT33czQZD6UDT51Dg8nNb9lI8fV%2BFLPJmN7kd5F0maTGsL0cp5YRo33jINONdJAkd68T%2FAa65iBRJSki60nqfsCeBXDIt9ELSj9ZgOwWGT6cXiS3NUJnit2TyE8yh3GxJ0fiPMCkE597g2XmmiXvModXLj8DF3iLFb%2FpUZkn2ofFXpWaV36ogsAbT2GMBHUreotiQJhMM5JX3M1P1%2BeyTbORDESCkVkEaClGLHiUjF%2BKK7PlBHNOS04mwbf2sLSii8Aqp5QK0GC9q1JIUUXqyu366aVQHd7t8vuFzcCAK5wYxjo7JQ7%2B%2B64EKB%2FCwjrIJoRho4XoysiikCT6LGJBRVNoil5UlzMBtRyqjy2WI%2Fhc6srgiA3%2FU2AzguC84AnoS7Lq%2BdK26evVaNalDSolB7dPSHebe0zpvwLzyfXi4wtGllVYDhLBwu%2FFQS5xWYf5w6G3jQ%3D%3D&nvMid=29030650586&catId=50001519
Apple 아이폰 13 프로 256GB [자급제],1430400,https://cr.shopping.naver.com/adcr.nhn?x=DNvLscVVbrupU4N4fxo7LP%2F%2F%2Fw%3D%3DsCWjnUH4ZU3c35OjFtA5CLMsbocj0u%2BKaHvGJ16O68wRWQE1WikGGRjsm7ORTamZ7QK10lVElZw%2FWHrnYGPdP%2FewzCLfmX%2Bbx6NeancMehZ2GVRICq3FtpreKOUkjc47KN5SgUPYdO0kamrwgfldrGEPg%2F6PYJW9LpCSumzPJoiiI9aZyW4hhCgmcrsQhWGWGObEszBFb2RlRYVOgd6veGfKAXVfyDB1yTbVYYpYzcFnUHxlEatbmVq7jmztE%2FywsPRJ6KAuJBVtMOENkOPsSXsQEXT9RiVXxRf0O9o5PWXLDpmNu2Rs3tEPrV0ZTODsbWqyaFa2xLbpwGCJChqMDqupdlRA%2F4C8gOA1%2BG%2F0tJn0hIW%2Fufm4Ai1g%2Bbn5o8FWgvX82Y5Ils9cLeBDu1LyZB8GX80wggxKey1RrDrPPeXigIX25kXOk%2FUPdTKqFSCOqDgcKWP7TrEwfWP0fV1BFe6kejIh2uruhzM%2FsWRISN2XPxSH%2BMhjwnhZYEHfltYfSuwP9L0j7YvHB2OKNn2rLcLoIgndaGfxSouzoVPoKzhGg7BHgryyQ1mOfXUdABW8Z%2BgtF15PMkmjkNDmi88yMRYNMuQyV4kYElye9XG5VUCRjtEEnHZo%2B%2FVuCJHvsmHjrDVCYCaeglF2rgr1u2OQIzQ%3D%3D&nvMid=29030492586&catId=50001519
Apple 아이폰 13 128GB [자급제],1048900,https://cr.shopping.naver.com/adcr.nhn?x=JAtQP3tJ5Rx5py1pKBxXGf%2F%2F%2Fw%3D%3DsV5kig1TWorZkHIGUFEqWvJDz1snn0JBRso%2FhkSrC2fdhJz9H0Ub4KLvuVTVtNMxMY%2BuI4d%2FKr36vSZBuR15qqhShaDufpO34K9xaROx1feRVSjC8cgcofh03qOwCCZHLe2M2QcL6%2FbvoHCgx0NcPgMi30QtKP1mA7BYZPpxeJLexWvZfe2todmJfmpbNrXnqNGdmVqT0qJ11casXr%2FJUjrix7jXt7MNVc9AIu4EfDZlNEwRr%2B3STfYHGn%2FB5b3e4yLnbe5AFo%2FoVMhbwnaRcSmb7nUimbzi6bMH6AKFSg5hD4P%2Bj2CVvS6QkrpszyaIoCuwrUM2Vi5bq9fxYHuPhKXyWodlTfGp%2BterK3CJaOOi5SR9atBBjimnLdTBnDGMSDG4evy%2BM13j64UYOnhTyGUWT2NvQs%2FX1yLTp9dGdOIV6K503jBTFiO%2BslOwbxo4OpOVXrumE0IYWoVbuYGHPlVK8ah%2BH%2FSVEtTGagRY6auDlE80KNwbfNxekQsGJejRksTXhzeKkynwlV5iG42bUw2m56z0nOWj4gOo6cNylnNPJVCQY3YkI6Qjzj%2FSuZctZB%2FCJVtjRZrSQoTus1H9DXL%2BSQfl0erfg0u%2FNUKhGUUBXc50eBITwugSNPH3Ok09sVpGw61BSdoQRvEGgfFlc5w%3D%3D&nvMid=29030374587&catId=50001519
Apple 아이폰 13 미니 256GB [자급제],1057300,https://cr.shopping.naver.com/adcr.nhn?x=NGDXVYl7xyexNYt%2BqONUEf%2F%2F%2Fw%3D%3DsALOtubQcxyXfEBzv%2FcUWT8Vf51U2qX53l%2F%2Bq644Q%2Fn1hJz9H0Ub4KLvuVTVtNMxM9dNfKUVLFD1x7QTwIoZgKxShaDufpO34K9xaROx1feRVSjC8cgcofh03qOwCCZHLe2M2QcL6%2FbvoHCgx0NcPgMi30QtKP1mA7BYZPpxeJLexWvZfe2todmJfmpbNrXnq057%2FmlbCMWUqQYtn8CmoI7ix7jXt7MNVc9AIu4EfDZlNEwRr%2B3STfYHGn%2FB5b3e4yLnbe5AFo%2FoVMhbwnaRcSmb7nUimbzi6bMH6AKFSg5hD4P%2Bj2CVvS6QkrpszyaIoCuwrUM2Vi5bq9fxYHuPhKUZ%2Bp4L544Oc9OfuNBpfJ%2BPKlU0Dx%2FPAUOmtfPVtkRdsDG4evy%2BM13j64UYOnhTyGeH5%2B4rxgmX%2FD3ltK0qBggLcEUMk%2BYg0ZV3bZSl4pTyypOVXrumE0IYWoVbuYGHPlV4nVlpZlOp63ers57eQ7rfG206zoTJkKRJKeFBLcypkhOBUHb0ZqO6MTkr8MsJnIffoALpqJS1Sc%2BQX7kdtQVDilj4OZ10YoBwVb0Ukvf6EEaThcwm2jOjlPe7qD4n460lZfBAQfIMU8tecdpV5jCNIwEmw9f8VjObaAgR2vAffHRyPBWbUFRhWScTsgQynPg%3D%3D&nvMid=29030437590&catId=50001519
Apple 아이폰 13 프로 맥스 256GB [자급제],1630000,https://cr.shopping.naver.com/adcr.nhn?x=D58py6w8KyPg48Ofem7hj%2F%2F%2F%2Fw%3D%3Ds9Gjs3jTGDMBzZAJKUqFFJVQ061PqVkPit1GP3HoWssJhJz9H0Ub4KLvuVTVtNMxMW5KtsSdFDhJJ1s4voJqQoxShaDufpO34K9xaROx1feRVSjC8cgcofh03qOwCCZHLe2M2QcL6%2FbvoHCgx0NcPgMi30QtKP1mA7BYZPpxeJLexWvZfe2todmJfmpbNrXnqiTiHgV17tngZX6ODLdebGbix7jXt7MNVc9AIu4EfDZlNEwRr%2B3STfYHGn%2FB5b3e4yLnbe5AFo%2FoVMhbwnaRcSmb7nUimbzi6bMH6AKFSg5hD4P%2Bj2CVvS6QkrpszyaIoCuwrUM2Vi5bq9fxYHuPhKQ%2BnZ1yHqzB0xesTPe8pvNajF1ua14J3WiPVB0UeJn3kDG4evy%2BM13j64UYOnhTyGTg05PdtJwqKZ7rs%2FfbStxDdcKGS8K3v9HOi3wvF0LzmpOVXrumE0IYWoVbuYGHPlT4OngYKgyg9ZO2oWjkSR%2BomEOROC%2Fwc2uGH3Ju5rti0IuR0q84YQjjFrl3Wcbxl75PS%2Bq7dEjlbFLHORMpRnZU%2FfHqhhnwh%2B74awYtZdKHcoWGf4SP5DfOI3upP%2Fm38l4mk%2Ff%2Bg5tlHg02iMDwXie0Pm5eNMDUPR2EmVgrK%2BfAZxyAhEKTy%2B0Zvtn8oYxIR0Q%3D%3D&nvMid=29030294588&catId=50001519
Apple 아이폰 13 프로 512GB [자급제],1760000,https://cr.shopping.naver.com/adcr.nhn?x=sjvqTwVakuiFXUKfxzCPXP%2F%2F%2Fw%3D%3DsZ%2FuIN1HY2hwEN4YBqcEz50W3S7R2g%2BEFzqGISl1pKkRhJz9H0Ub4KLvuVTVtNMxM1Pp2KrOfQ2AEZ%2FMWiDYUxRShaDufpO34K9xaROx1feRVSjC8cgcofh03qOwCCZHLe2M2QcL6%2FbvoHCgx0NcPgMi30QtKP1mA7BYZPpxeJLexWvZfe2todmJfmpbNrXnqlDPFdx1sLuYHxlc7aw3L%2Brix7jXt7MNVc9AIu4EfDZlNEwRr%2B3STfYHGn%2FB5b3e4yLnbe5AFo%2FoVMhbwnaRcSmb7nUimbzi6bMH6AKFSg5hD4P%2Bj2CVvS6QkrpszyaIoCuwrUM2Vi5bq9fxYHuPhKVh6jzg7jZLYnj%2BZSJVJ5M0LRp8BJ0DZQ2o22w0No612DG4evy%2BM13j64UYOnhTyGU0FiWwIxIduXBdsb%2BmkDoh6K503jBTFiO%2BslOwbxo4OpOVXrumE0IYWoVbuYGHPlT4OngYKgyg9ZO2oWjkSR%2BpWfyGhvOKhC5sogwlOWguqhOBUHb0ZqO6MTkr8MsJnIZAJ%2BQtpxfRx8YuzlqIPnkzQ%2Fq8VRGr0RNRcsB%2FUdilqEaThcwm2jOjlPe7qD4n4677MxWw7LHPe2znmLgGDbe4LkNUvcNgzTjQ7zW6VfvUmHRyPBWbUFRhWScTsgQynPg%3D%3D&nvMid=29030416587&catId=50001519
Apple 아이폰 13 프로 맥스 128GB [자급제],1430400,https://cr.shopping.naver.com/adcr.nhn?x=20yvnvyNgu8T7yHiqEw%2BMP%2F%2F%2Fw%3D%3DsMoct5GWvJjbIZDNocqN6YRYPqek0Ox79vKGSLeG%2BkdBhJz9H0Ub4KLvuVTVtNMxMbp%2FXP5LgSPJCJ0s52HChwRShaDufpO34K9xaROx1feRVSjC8cgcofh03qOwCCZHLe2M2QcL6%2FbvoHCgx0NcPgMi30QtKP1mA7BYZPpxeJLexWvZfe2todmJfmpbNrXnqnCfUWv5T09LdwRr0l79u4rix7jXt7MNVc9AIu4EfDZlNEwRr%2B3STfYHGn%2FB5b3e4yLnbe5AFo%2FoVMhbwnaRcSmb7nUimbzi6bMH6AKFSg5hD4P%2Bj2CVvS6QkrpszyaIoCuwrUM2Vi5bq9fxYHuPhKSX55T3DvUkd2WCE4jRvyKOhAesNgBVa5ORubecK%2BDAIDG4evy%2BM13j64UYOnhTyGbhNDBs6Om6M1%2FDrIOJKguJ6K503jBTFiO%2BslOwbxo4OpOVXrumE0IYWoVbuYGHPlT4OngYKgyg9ZO2oWjkSR%2Brae5fKI0Gon%2F%2F0VLKSwG7sIuR0q84YQjjFrl3Wcbxl75PS%2Bq7dEjlbFLHORMpRnZWEE0pE%2BoTP36EMTIdwbojYoWGf4SP5DfOI3upP%2Fm38l3gcqZslbqNYNFoj3fS%2BmqqyUnzYXgV5QLHyzHslywfgxyAhEKTy%2B0Zvtn8oYxIR0Q%3D%3D&nvMid=29030367587&catId=50001519
Apple 아이폰 13 프로 1TB [자급제],1948800,https://cr.shopping.naver.com/adcr.nhn?x=A%2FhBPmLI4QNBkhC7zZR9pv%2F%2F%2Fw%3D%3DsssWAva%2BV0EEwICOXRs1oJD1QMnT5r38MZlMUBwYG7opWQE1WikGGRjsm7ORTamZ7%2F3Fl0oUwBhxng42q9qV5tuwzCLfmX%2Bbx6NeancMehZ2GVRICq3FtpreKOUkjc47KN5SgUPYdO0kamrwgfldrGEPg%2F6PYJW9LpCSumzPJoiiI9aZyW4hhCgmcrsQhWGWG4P666JAigMTzVZ%2Bn3tMVP%2FKAXVfyDB1yTbVYYpYzcFnUHxlEatbmVq7jmztE%2FywsPRJ6KAuJBVtMOENkOPsSXsQEXT9RiVXxRf0O9o5PWXLDpmNu2Rs3tEPrV0ZTODsbWqyaFa2xLbpwGCJChqMDqqUVQ7c1HkWwEqFxdaj5KI0hIW%2Fufm4Ai1g%2Bbn5o8FWgvX82Y5Ils9cLeBDu1LyZByjZ%2F6Ij87DZw9nv%2FQ98kdCgIX25kXOk%2FUPdTKqFSCOqDgcKWP7TrEwfWP0fV1BFe4VbMzIyMAqoFnqnCl3vWSgPVL%2B%2Frl5PLPXtI0kaP8PkmKdeEMdUbtmzDI4Aa7HQcXwo4J%2BT6pYrLp6hEYPw6itQmhNd7PvKL%2F4oO9yx9x26ezdPirNIEhU3YcDKwV2g5O9aTXUIC56EhmoNCrkTRuFvU2Y6hEEwGxc1AZfON9sL4VRAH%2BsMDObarUodGweR8Q%3D%3D&nvMid=29029192588&catId=50001519
Apple 아이폰 13 미니 512GB [자급제],1304000,https://cr.shopping.naver.com/adcr.nhn?x=sWEa%2BpYA9hB9auUUHWgd5v%2F%2F%2Fw%3D%3Ds1Z947RbPopdrCDeKrsQ%2BRGW2vUDKwI1jcrwR%2F6VYJTlWQE1WikGGRjsm7ORTamZ7vqjGoyx8yiNhYrZjmEjCwOwzCLfmX%2Bbx6NeancMehZ2GVRICq3FtpreKOUkjc47KN5SgUPYdO0kamrwgfldrGEPg%2F6PYJW9LpCSumzPJoiiI9aZyW4hhCgmcrsQhWGWGRcIO%2FsSRKHMrPSPiMPM2BfKAXVfyDB1yTbVYYpYzcFnUHxlEatbmVq7jmztE%2FywsPRJ6KAuJBVtMOENkOPsSXsQEXT9RiVXxRf0O9o5PWXLDpmNu2Rs3tEPrV0ZTODsbWqyaFa2xLbpwGCJChqMDqna5eVqilhyvObks2lDPxighIW%2Fufm4Ai1g%2Bbn5o8FWgvX82Y5Ils9cLeBDu1LyZB%2BdZEliKyRlisXpuORTPjK6gIX25kXOk%2FUPdTKqFSCOqDgcKWP7TrEwfWP0fV1BFey%2Bgusqz4LfhruBMVu%2BMWafPxSH%2BMhjwnhZYEHfltYfSuwP9L0j7YvHB2OKNn2rLcMBKPWpOofGNishBhVXamBvaoeEmgWYxKB%2B6U0rfYSoG%2BgtF15PMkmjkNDmi88yMRV5X10zG7o5w0DzAq1ceDN30UbNk5di1V8jUMbmtHii%2FBq7h9PA5SrIXrcWPClBGWw%3D%3D&nvMid=29030296587&catId=50001519
Apple 아이폰 13 프로 맥스 512GB [자급제],1824000,https://cr.shopping.naver.com/adcr.nhn?x=BEhgUPtundADhSFUn9LUgf%2F%2F%2Fw%3D%3Ds7sZFXQyDywsQF1TAuH23Hyrl%2Bj5q2ACwx8MYynIn4c9hJz9H0Ub4KLvuVTVtNMxM4mxgZsL2Bdb64QVOhfDxahShaDufpO34K9xaROx1feRVSjC8cgcofh03qOwCCZHLe2M2QcL6%2FbvoHCgx0NcPgMi30QtKP1mA7BYZPpxeJLexWvZfe2todmJfmpbNrXnqmD3tRrdK1cFWEMxpF2wcAbix7jXt7MNVc9AIu4EfDZlNEwRr%2B3STfYHGn%2FB5b3e4yLnbe5AFo%2FoVMhbwnaRcSmb7nUimbzi6bMH6AKFSg5hD4P%2Bj2CVvS6QkrpszyaIoCuwrUM2Vi5bq9fxYHuPhKUkSQ80aZFChMvhZQyvrkNFhwObKukac%2FPM1Y1Xw4I8xDG4evy%2BM13j64UYOnhTyGftHLjvFm4JZSt2I03JvIhMGVJjQOIMS03m13YAnzFDQpOVXrumE0IYWoVbuYGHPlT4OngYKgyg9ZO2oWjkSR%2BpKd97yu7c%2FbQz1Lu72LwvUIuR0q84YQjjFrl3Wcbxl75PS%2Bq7dEjlbFLHORMpRnZU2a%2FMrBcR5Q4185fTNzSC3oWGf4SP5DfOI3upP%2Fm38lywZ5G%2BxrF%2FF3TqCuWgci3vzQDs31Pr1a5IN6INfyyo45Hv1T%2FoDPeAT2ZD%2BWCfnsQ%3D%3D&nvMid=29029192586&catId=50001519
Apple 아이폰 13 미니 128GB [LG U+],369990,https://cr.shopping.naver.com/adcr.nhn?x=RThUdBkpBT%2BaMsI7%2Bhax1v%2F%2F%2Fw%3D%3DsQ3ONZZuJw5%2FcyPDDA7Z9FZ9Wo0tz2ROQu2ntOunKwYwbsBKbbjTB%2BBCjsLv6tz%2BjOpUJdmgJOT5Y6azBujEjkBg4sY9Aag4V35sWLyD%2Bys6LEGxUoLVvWJio2iwp4qw5Rg8PGJVadqPmniv10HuGbEgAn8lD2%2BxrgblrBqYwPdWug%2B9sjA7rHdeMLkY%2BwIMU7xzpl%2BlOYhq%2F8o1%2FuLVZdjQZD6UDT51Dg8nNb9lI8fV%2BFLPJmN7kd5F0maTGsL0cp5YRo33jINONdJAkd68T%2FAa65iBRJSki60nqfsCeBXDIt9ELSj9ZgOwWGT6cXiS3NUJnit2TyE8yh3GxJ0fiPLz0mP3LPdbtyaRZm4jOIsPbjMojbgMTJ23QdKQhv8A%2FV36ogsAbT2GMBHUreotiQI0xa6%2By9CPRY0ja3t718wBkBDlwveKs9AQf1GpKXLhlBHNOS04mwbf2sLSii8Aqp5QK0GC9q1JIUUXqyu366aWLxOxoUcYuPeuOY5%2BIgVHPo64ifB9DVeZ8ffla9GlFdpteIdByTu0TEhxA6NBFcBFJgiHPGooL82449KzLHNEmjr%2Fvhuz%2FM2bOeEg7k3nONfdnWpphtDs9Qcu2tIpAPdbmIjcXtWMiCxjBN4Nc5dhYQdAiJdwXirBRdnaxfvrBbw%3D%3D&nvMid=29030431586&catId=50000248
Apple 아이폰 13 프로 256GB [LG U+],961990,https://cr.shopping.naver.com/adcr.nhn?x=%2B22rLw6gOu%2BhfiaOCqwvkf%2F%2F%2Fw%3D%3Dsc%2F%2Fxs1k4qytJzdRGCNHd4N0XqIuRjYHucEOMUdsO7xphJz9H0Ub4KLvuVTVtNMxMIwHLYEgQghAWRbn6evtPcBShaDufpO34K9xaROx1feRVSjC8cgcofh03qOwCCZHLe2M2QcL6%2FbvoHCgx0NcPgMi30QtKP1mA7BYZPpxeJLexWvZfe2todmJfmpbNrXnqiHryMIa0vOlFa0dwxiKn27ix7jXt7MNVc9AIu4EfDZlNEwRr%2B3STfYHGn%2FB5b3e4yLnbe5AFo%2FoVMhbwnaRcSmb7nUimbzi6bMH6AKFSg5hD4P%2Bj2CVvS6QkrpszyaIoCuwrUM2Vi5bq9fxYHuPhKUzWEXABo%2FOihmBYNfCRjq1qAW3Mlr7y56XUUvh6vaCRnuI%2B1Uju%2BRLjWLfBBmiitFvJu4cVk1Aik3Q3RwhsuJEGVJjQOIMS03m13YAnzFDQpOVXrumE0IYWoVbuYGHPlT4OngYKgyg9ZO2oWjkSR%2BrKu8lNHMUv5FO70BFiZvG%2BXGfKYExq7uG4FGIUYcPNsd8lRtzAmyOoHCO5wQt5weg96wG5JO5feoc6vfd5w%2FdYezdPirNIEhU3YcDKwV2g5LgzEHlFl89orANyLwfl35ZvU2Y6hEEwGxc1AZfON9sL4VRAH%2BsMDObarUodGweR8Q%3D%3D&nvMid=29030415586&catId=50000248
Apple 아이폰 13 미니 256GB [LG U+],511990,https://cr.shopping.naver.com/adcr.nhn?x=kO2Ibk03tGshZwuJKAXU9f%2F%2F%2Fw%3D%3DsSbxmLCT6n27ocJPAV0dR6bjRW%2B5B%2BTq6v%2BbsP2yub6tWQE1WikGGRjsm7ORTamZ7nbelXJc3caFft1Crb7aPROwzCLfmX%2Bbx6NeancMehZ2GVRICq3FtpreKOUkjc47KN5SgUPYdO0kamrwgfldrGEPg%2F6PYJW9LpCSumzPJoiiI9aZyW4hhCgmcrsQhWGWGxBB5hi6hqaEwsBLl9PcwYPKAXVfyDB1yTbVYYpYzcFnUHxlEatbmVq7jmztE%2FywsPRJ6KAuJBVtMOENkOPsSXsQEXT9RiVXxRf0O9o5PWXLDpmNu2Rs3tEPrV0ZTODsbWqyaFa2xLbpwGCJChqMDqowVmL%2FQCH2wdKXvSeTQgxchIW%2Fufm4Ai1g%2Bbn5o8FWg5HUJqI12Vlp80UoFc6QYeDaJ%2F5%2FslrugWDu2Hcct2uqgIX25kXOk%2FUPdTKqFSCOqDgcKWP7TrEwfWP0fV1BFe1sCXnT5UXlCQtowxOY7434EiaNfJtI8%2BWxAc1EGc8qsV5wvSck0MfgYLl2aZJDmmou5EKjHIrR8EHnBBpM1zE3LtD%2BflYcx6RNXB2X3qNkXZq5ieQIRcSos8l9CjsJM6tIS4H74A4LVVtWV4sKA2nlXc50eBITwugSNPH3Ok09sVpGw61BSdoQRvEGgfFlc5w%3D%3D&nvMid=29030376589&catId=50000248
Apple 아이폰 13 512GB [자급제],1399000,https://cr.shopping.naver.com/adcr.nhn?x=LZ0hNBT9E87y2vqImVcT7P%2F%2F%2Fw%3D%3Dslpi5DAe0RlT0hXp6p%2Bw5IB8Laif5FICMESjaw9m6tplhJz9H0Ub4KLvuVTVtNMxM2fF4zQGVKoaDu1owHEFYBxShaDufpO34K9xaROx1feRVSjC8cgcofh03qOwCCZHLe2M2QcL6%2FbvoHCgx0NcPgMi30QtKP1mA7BYZPpxeJLexWvZfe2todmJfmpbNrXnqMp%2F9XPfjTZN93E2a1T98erix7jXt7MNVc9AIu4EfDZlNEwRr%2B3STfYHGn%2FB5b3e4yLnbe5AFo%2FoVMhbwnaRcSmb7nUimbzi6bMH6AKFSg5hD4P%2Bj2CVvS6QkrpszyaIoCuwrUM2Vi5bq9fxYHuPhKbxnzO8qhy8E89lz4zzP0ICZ1yINSvdnfTj6Xx8EQaojDG4evy%2BM13j64UYOnhTyGQiyMS50HH1zP4CriMRlyVIGVJjQOIMS03m13YAnzFDQpOVXrumE0IYWoVbuYGHPlSGgI4zFgG5Liqop01AWGezlE80KNwbfNxekQsGJejRksTXhzeKkynwlV5iG42bUw91qJmv8eqkfLHzh9iXhCsoHaR8JROhhJdL3IweMlrCD20Duw%2Bj0%2BlH1B5IcgnFCHNlEEphDglD1KpYzo9DTT8hWhZ3SMHTcLlpircdRzUgq1JIslBmdxaTx7xO1%2BPPoWw%3D%3D&nvMid=29030496586&catId=50001519
Apple 아이폰 13 프로 128GB [LG U+],829990,https://cr.shopping.naver.com/adcr.nhn?x=cjMG48YzzTrHwX3SuuvQUf%2F%2F%2Fw%3D%3Dscke8NAnf%2B5K8AG5ZSha5orH6wNvK8xjiE%2BQHjO%2Bidj9hJz9H0Ub4KLvuVTVtNMxM08rpKsfOc5fEEL164%2BdzLxShaDufpO34K9xaROx1feRVSjC8cgcofh03qOwCCZHLe2M2QcL6%2FbvoHCgx0NcPgMi30QtKP1mA7BYZPpxeJLexWvZfe2todmJfmpbNrXnqg7gKiQG8MTIItSW%2BDJaVQrix7jXt7MNVc9AIu4EfDZlNEwRr%2B3STfYHGn%2FB5b3e4yLnbe5AFo%2FoVMhbwnaRcSmb7nUimbzi6bMH6AKFSg5hD4P%2Bj2CVvS6QkrpszyaIoCuwrUM2Vi5bq9fxYHuPhKUyAHBTGeiVNExd3gY%2FhJLiDxHKERekVlLLs4kg6Q9xMnuI%2B1Uju%2BRLjWLfBBmiitJIujkYDEFe7DT%2F0UbcE1lDcEUMk%2BYg0ZV3bZSl4pTyypOVXrumE0IYWoVbuYGHPlT4OngYKgyg9ZO2oWjkSR%2BrCBGxurbAkIg2Bbwb5QzVdXGfKYExq7uG4FGIUYcPNsbTxYOWDezxaXmqEs95jMW6GdDFjjQMIcIERbbMtYl5VezdPirNIEhU3YcDKwV2g5H2LV5D0IlanXH2ew9p5jpFvU2Y6hEEwGxc1AZfON9sL4VRAH%2BsMDObarUodGweR8Q%3D%3D&nvMid=29030175590&catId=50000248
Apple 아이폰 13 프로 맥스 1TB [자급제],2400000,https://cr.shopping.naver.com/adcr.nhn?x=s2F%2FhOzhyawOPDagRMYOJP%2F%2F%2Fw%3D%3DscFQz%2FTy6n63UAxOsbxUiBgkuqmZwLEA1NJZBiFaAS5hhJz9H0Ub4KLvuVTVtNMxMPpjcp%2FILQQKgWyv2AINMPBShaDufpO34K9xaROx1feRVSjC8cgcofh03qOwCCZHLe2M2QcL6%2FbvoHCgx0NcPgMi30QtKP1mA7BYZPpxeJLexWvZfe2todmJfmpbNrXnqArgGaDBKbEfnwAwTC02FZ7ix7jXt7MNVc9AIu4EfDZlNEwRr%2B3STfYHGn%2FB5b3e4yLnbe5AFo%2FoVMhbwnaRcSmb7nUimbzi6bMH6AKFSg5hD4P%2Bj2CVvS6QkrpszyaIoCuwrUM2Vi5bq9fxYHuPhKaukANgAj0hwOJyVhRjNZpKqrDU3kiotjFfoYwCqJWoEDG4evy%2BM13j64UYOnhTyGURBSkVWpyFhCT1DprjDVs3cEUMk%2BYg0ZV3bZSl4pTyypOVXrumE0IYWoVbuYGHPlT4OngYKgyg9ZO2oWjkSR%2BqtKLnnC02xBm8wXg3u8BRTQ%2F5BTDuLO7E8eLG3O1110L2joxsTLXUmX9Jy9y68R2z9k7tGZhXKqzmwhvFtNAX3T8AlxSYkXaLH96LNyv1p9bkanyLsvN3ek8aJa0SgQi9r8UmBUvHP2d84dw3euAUezY6of2Xpggjm6A4Z8HgJhg%3D%3D&nvMid=29029192590&catId=50001519
Apple 아이폰 13 128GB [LG U+],565990,https://cr.shopping.naver.com/adcr.nhn?x=V3LX7TOroubPM6NdT%2FokXv%2F%2F%2Fw%3D%3DsMvOv6FluC%2Bm35L%2BLExHNt5bBGmAFwLkfPXwtduFGgnFWQE1WikGGRjsm7ORTamZ711bS%2BD7BTpLO4%2B0UTkLtTewzCLfmX%2Bbx6NeancMehZ2GVRICq3FtpreKOUkjc47KN5SgUPYdO0kamrwgfldrGEPg%2F6PYJW9LpCSumzPJoiiI9aZyW4hhCgmcrsQhWGWGwosKqTnb%2BAqxbJsu%2BamdqfKAXVfyDB1yTbVYYpYzcFnUHxlEatbmVq7jmztE%2FywsPRJ6KAuJBVtMOENkOPsSXsQEXT9RiVXxRf0O9o5PWXLDpmNu2Rs3tEPrV0ZTODsbWqyaFa2xLbpwGCJChqMDqoOjVVNbOzDuZxzOQm01db8hIW%2Fufm4Ai1g%2Bbn5o8FWg5HUJqI12Vlp80UoFc6QYeNQqTo7S3YadJzlDs44dNdCgIX25kXOk%2FUPdTKqFSCOqDgcKWP7TrEwfWP0fV1BFe07hmrx%2BVAbS%2FSdadVwoJvWaU9qNqKx0Qc11MwuBOlFmrao8qS4hfxVZCl5WtKd9Zwwk0blYL%2BC2goibseQrkjJicchwRNwmJ84TyxvjggzFMuPx4C9OoJmR%2BSXcFPlMWfihpC95MDUIiJ%2BBEpk3xvIOEsHC78VBLnFZh%2FnDobeN&nvMid=29030372586&catId=50000248
Apple 아이폰 13 프로 맥스 256GB [LG U+],1093990,https://cr.shopping.naver.com/adcr.nhn?x=k0zXDcWyNYwZo1xrx1Sv2f%2F%2F%2Fw%3D%3DsQ1Sf3Hyye%2FCJK149Leo2bJa6H2clXCCTX0jf%2BuioCNxWQE1WikGGRjsm7ORTamZ7boo62YsUNy3si8lf%2FA4%2BBewzCLfmX%2Bbx6NeancMehZ2GVRICq3FtpreKOUkjc47KN5SgUPYdO0kamrwgfldrGEPg%2F6PYJW9LpCSumzPJoiiI9aZyW4hhCgmcrsQhWGWGXQj7EDi%2F5gx5578oQw9R0%2FKAXVfyDB1yTbVYYpYzcFnUHxlEatbmVq7jmztE%2FywsPRJ6KAuJBVtMOENkOPsSXsQEXT9RiVXxRf0O9o5PWXLDpmNu2Rs3tEPrV0ZTODsbWqyaFa2xLbpwGCJChqMDqm5qY8MPA0XhzlivF%2FiQD2MhIW%2Fufm4Ai1g%2Bbn5o8FWg5HUJqI12Vlp80UoFc6QYeHCdPJLPvy%2BTeLKBd1e%2Ft4qgIX25kXOk%2FUPdTKqFSCOqDgcKWP7TrEwfWP0fV1BFewstxKXYfuaTY89uFKbdXCAl7TVmKFTPOLfoqYuTrHyZhOBUHb0ZqO6MTkr8MsJnIZ235nX1k0q%2FrLcj75AQVq2aCD6UiTemCjRiq98TxxCHEaThcwm2jOjlPe7qD4n461AxLcUL7bxH%2BoghN%2BLq82WdLkdXr7K89aIrsWlY7bRlgqgOvq6z5EpEI5N2xav1Mg%3D%3D&nvMid=29030190586&catId=50000248
Apple 아이폰 13 프로 맥스 128GB [LG U+],961990,https://cr.shopping.naver.com/adcr.nhn?x=CCbta%2BJOWg4ByK8sRmwORP%2F%2F%2Fw%3D%3DswdDNPuXX%2BL0mqSBzBu3FAbWcuYJA%2BT%2BdNzAMHJHWXIwbsBKbbjTB%2BBCjsLv6tz%2BjPsDC9y8%2FJ%2FuC9orpYu7BmO23Us7mN5DCsOcG6K6VAYiLEGxUoLVvWJio2iwp4qw5Rg8PGJVadqPmniv10HuGbEgAn8lD2%2BxrgblrBqYwPdWug%2B9sjA7rHdeMLkY%2BwIMUD6bSGd4rwDk3qyUDgUSRJzQZD6UDT51Dg8nNb9lI8fV%2BFLPJmN7kd5F0maTGsL0cp5YRo33jINONdJAkd68T%2FAa65iBRJSki60nqfsCeBXDIt9ELSj9ZgOwWGT6cXiS3NUJnit2TyE8yh3GxJ0fiPLFhlZByo5TMPPG1qvFqSsEjJtX%2FKGiaYVs22wV2%2BLcRV36ogsAbT2GMBHUreotiQMjhQPdOgrlGIck4vd%2BlScz5MGA5PbR7L8Pv%2BuDz8pz2BHNOS04mwbf2sLSii8Aqp5Oqo4P%2Fvtch20ezpv9dvrQbWIG80tV4Ayn74fJIYXZ5B8isDCIp7Fy0SMDwBEAOF9lI6IaSu7GcmPN0jiI%2F8KBRhTPjIZ%2BA6Usg8Q%2B6XsnpT8AlxSYkXaLH96LNyv1p9S6zeBVuJ%2F1kiunwa7a4AQIL%2BV7k6rNJt2jIhedzYa2WaGimR4pR27mrh1IoDTOSgA%3D%3D&nvMid=29030352586&catId=50000248
Apple 아이폰 13 프로 맥스 512GB [LG U+],1357990,https://cr.shopping.naver.com/adcr.nhn?x=LzeAtlmWfXqNWHUDcAkZd%2F%2F%2F%2Fw%3D%3DsEiUyu2SMN1gfTTl1%2FjrEVFm9IwPA47E6a5IEZUpBW%2BAbsBKbbjTB%2BBCjsLv6tz%2BjnKsId7njcZlh7c1B36UApfTT%2BkypMj243mG6%2BFQ%2Bqz%2BLEGxUoLVvWJio2iwp4qw5Rg8PGJVadqPmniv10HuGbEgAn8lD2%2BxrgblrBqYwPdWug%2B9sjA7rHdeMLkY%2BwIMUeLonWMPrGi0RSJvZfvKEXzQZD6UDT51Dg8nNb9lI8fV%2BFLPJmN7kd5F0maTGsL0cp5YRo33jINONdJAkd68T%2FAa65iBRJSki60nqfsCeBXDIt9ELSj9ZgOwWGT6cXiS3NUJnit2TyE8yh3GxJ0fiPKUs6md%2B9HZHD%2Bzs2VrVbsMsTwLbtind6QCKBYdvLne6V36ogsAbT2GMBHUreotiQFt9n9I7f5V89zzh17gjYiKVGg9CyttIO9wzgJL8rEaVBHNOS04mwbf2sLSii8Aqp5Oqo4P%2Fvtch20ezpv9dvrTzJnVflmHKwCyZ0ia57hKqB8isDCIp7Fy0SMDwBEAOF9lI6IaSu7GcmPN0jiI%2F8KA7EF8EAKB5b08alm3JN5S871tqtWQablf%2F77SlIExh54HVqRq5EoFIvL%2FjA72nTOMKD1zSJs9mBGf%2Blquyz%2BQRxyAhEKTy%2B0Zvtn8oYxIR0Q%3D%3D&nvMid=29030181590&catId=50000248
Apple 아이폰 13 미니 512GB [LG U+],840990,https://cr.shopping.naver.com/adcr.nhn?x=0jV%2BBVX7lW8t7wVR0aY5wP%2F%2F%2Fw%3D%3DsHcpSkm35w1LFjeqWTkya6CELKTDJpb4Fmb2MU1ihGDxhJz9H0Ub4KLvuVTVtNMxMSUCVXc0VXU4txvMtfk87HBShaDufpO34K9xaROx1feRVSjC8cgcofh03qOwCCZHLe2M2QcL6%2FbvoHCgx0NcPgMi30QtKP1mA7BYZPpxeJLexWvZfe2todmJfmpbNrXnqmNCzWTrruETuuT6FCzP1m7ix7jXt7MNVc9AIu4EfDZlNEwRr%2B3STfYHGn%2FB5b3e4yLnbe5AFo%2FoVMhbwnaRcSmb7nUimbzi6bMH6AKFSg5hD4P%2Bj2CVvS6QkrpszyaIoCuwrUM2Vi5bq9fxYHuPhKRxZY5W%2FDmlSTbXSekpTr7W12Do7Z9sYujM2BDocB8FBnuI%2B1Uju%2BRLjWLfBBmiitL92wdCev2p%2BPJeUdf%2FrdJwGVJjQOIMS03m13YAnzFDQpOVXrumE0IYWoVbuYGHPlV4nVlpZlOp63ers57eQ7rdBQx2J0IovtSa9qv9oplPOXGfKYExq7uG4FGIUYcPNsde4hS0%2FZ%2F1PF%2BkS0nEzUYy5NexutIphr4eF4eph5gLyj%2FaM5nVf1rOXk0fVU4woW6Hz1I90C0963UsKprhvJvBvU2Y6hEEwGxc1AZfON9sL4VRAH%2BsMDObarUodGweR8Q%3D%3D&nvMid=29030419586&catId=50000248
Apple 아이폰 13 256GB [LG U+],708990,https://cr.shopping.naver.com/adcr.nhn?x=Li1XnV7BU1cHrfIFkKcJFv%2F%2F%2Fw%3D%3DsPccfnXqGtAYhUOEN1t%2BklE7u%2FyvnkSqknLcfFQnqEUcbsBKbbjTB%2BBCjsLv6tz%2BjyWRvxe7J2nyJ%2F%2BHfhOx0jr2kad2e4xfIpn0ueu%2FQJ46LEGxUoLVvWJio2iwp4qw5Rg8PGJVadqPmniv10HuGbEgAn8lD2%2BxrgblrBqYwPdWug%2B9sjA7rHdeMLkY%2BwIMUOYQbPHRk7gx3HlPTUxI7DDQZD6UDT51Dg8nNb9lI8fV%2BFLPJmN7kd5F0maTGsL0cp5YRo33jINONdJAkd68T%2FAa65iBRJSki60nqfsCeBXDIt9ELSj9ZgOwWGT6cXiS3NUJnit2TyE8yh3GxJ0fiPBefQuZAVjHlMZBc70VIt9%2F4QYHNEJ7w%2Bc3Oxw0waTZBV36ogsAbT2GMBHUreotiQFt9n9I7f5V89zzh17gjYiLBRY2IxpwNO6Q3LON%2B08%2F2BHNOS04mwbf2sLSii8Aqp2gJaG758y0HTNixSanYMVz%2FzaVgfXndF2fkBs0qzZTvfpF8bfclcJjAeddKIqLqoGG4AEEX5WllpdW91INY5E4Usqiq%2BaRdh19ZzFGBbFc8quCXmXPYgulYkn51qE6A4sDzz%2BHJ8pMnFTOwGStmn9bke%2FVP%2BgM94BPZkP5YJ%2Bex&nvMid=29030189588&catId=50000248
Apple 아이폰 13 프로 512GB [LG U+],1225990,https://cr.shopping.naver.com/adcr.nhn?x=tIfnKzC1Y9fEsTBLraadEv%2F%2F%2Fw%3D%3DswxbJkniYod1EBE7%2FHY5yOMgHVSN6BX05zAcuETeYbRthJz9H0Ub4KLvuVTVtNMxM7ngxM%2BfRjYjH%2FnOakdMF0hShaDufpO34K9xaROx1feRVSjC8cgcofh03qOwCCZHLe2M2QcL6%2FbvoHCgx0NcPgMi30QtKP1mA7BYZPpxeJLexWvZfe2todmJfmpbNrXnqIsGCGgJXjOrApw75v82D8rix7jXt7MNVc9AIu4EfDZlNEwRr%2B3STfYHGn%2FB5b3e4yLnbe5AFo%2FoVMhbwnaRcSmb7nUimbzi6bMH6AKFSg5hD4P%2Bj2CVvS6QkrpszyaIoCuwrUM2Vi5bq9fxYHuPhKfA6yrH%2B0MlIHU1bVOr8QKe7vmmmkv%2FqpzMxns9%2F9QLwnuI%2B1Uju%2BRLjWLfBBmiitNPKpneF6pbJPsLid46ddCAGVJjQOIMS03m13YAnzFDQpOVXrumE0IYWoVbuYGHPlT4OngYKgyg9ZO2oWjkSR%2BpBQx2J0IovtSa9qv9oplPOXGfKYExq7uG4FGIUYcPNsSFddoUpMfGNZiUJrPWi2r%2F%2FFZS1JYWCncC8atWx1vZQv4YGjJCSIW1IvBxXT1wG97Y%2Fp6DOZm3nuith4a20aA1jtEEnHZo%2B%2FVuCJHvsmHjrDVCYCaeglF2rgr1u2OQIzQ%3D%3D&nvMid=29030295586&catId=50000248
Apple 아이폰 13 프로 맥스 1TB [LG U+],1632990,https://cr.shopping.naver.com/adcr.nhn?x=EKs0y7mYZYR3HCtfUKGyg%2F%2F%2F%2Fw%3D%3DsOtmns8jd55Ypnm4qSfzx6FnTykhQN4uK31X%2FjZ%2B%2BFf8bsBKbbjTB%2BBCjsLv6tz%2BjopXh9VIBwwh28JevYZLOZwXJ0dILKAFwA1gujJmleDeLEGxUoLVvWJio2iwp4qw5Rg8PGJVadqPmniv10HuGbEgAn8lD2%2BxrgblrBqYwPdWug%2B9sjA7rHdeMLkY%2BwIMUv%2FiyLKIYZJmYdqtV06rV7DQZD6UDT51Dg8nNb9lI8fV%2BFLPJmN7kd5F0maTGsL0cp5YRo33jINONdJAkd68T%2FAa65iBRJSki60nqfsCeBXDIt9ELSj9ZgOwWGT6cXiS3NUJnit2TyE8yh3GxJ0fiPMd5uCVIKBfbgUwd0Wcytn7PlVEddujec1XnfVW40%2BodV36ogsAbT2GMBHUreotiQFt9n9I7f5V89zzh17gjYiJkwPoJtrjypOEUBKInouOpBHNOS04mwbf2sLSii8Aqp5Oqo4P%2Fvtch20ezpv9dvrTW7%2Fsml4rzSjRQhiIg0SNE%2BWGy5ca2oGmiEF%2BpCQwY%2FA%2BkJGYwmXDDU0eI3k5l%2BOX91kskM%2Fr5q3RjW78aKIYlramjBwCZI9AwCV4mCTWQmYZRZuL0m%2FEd97ADmWhBWrapBgwanhxHNG2XmQHrg2LDaGimR4pR27mrh1IoDTOSgA%3D%3D&nvMid=29030181587&catId=50000248
Apple 아이폰 13 512GB [LG U+],972990,https://cr.shopping.naver.com/adcr.nhn?x=ikV8ZbdxqasowkwfwKJuOv%2F%2F%2Fw%3D%3Ds2ZJE5xL3RQNxA7gYVUiLDo19grgzhtW9ByOvPxwlg%2F9WQE1WikGGRjsm7ORTamZ7pSaGVAn%2BCylXNiqPnWf7jewzCLfmX%2Bbx6NeancMehZ2GVRICq3FtpreKOUkjc47KN5SgUPYdO0kamrwgfldrGEPg%2F6PYJW9LpCSumzPJoiiI9aZyW4hhCgmcrsQhWGWGX%2B2ylAMx2hZri%2F8qpxunmfKAXVfyDB1yTbVYYpYzcFnUHxlEatbmVq7jmztE%2FywsPRJ6KAuJBVtMOENkOPsSXsQEXT9RiVXxRf0O9o5PWXLDpmNu2Rs3tEPrV0ZTODsbWqyaFa2xLbpwGCJChqMDqj0YCCNzOe2TdpVt2se0yn0hIW%2Fufm4Ai1g%2Bbn5o8FWg5HUJqI12Vlp80UoFc6QYeOkNyZCcbPQt8tppHbI3EeWgIX25kXOk%2FUPdTKqFSCOqDgcKWP7TrEwfWP0fV1BFex1TjIhUTeCndeTU5sxAXtSaU9qNqKx0Qc11MwuBOlFm2qRqqkmRjzDmmzADhw5%2BZ0hEpU7ZbqImyCJck%2BJrWwFicchwRNwmJ84TyxvjggzFOC6fPrw7B%2FZ8F%2BC1x2FX6v3DlkTBRIi%2BZ4I8TfaNmusOEsHC78VBLnFZh%2FnDobeN&nvMid=29030296586&catId=50000248
Apple 아이폰 13 프로 1TB [LG U+],1478990,https://cr.shopping.naver.com/adcr.nhn?x=BYKxtQUtPBuHGEX6N8Jj%2B%2F%2F%2F%2Fw%3D%3DsnyKLcCu8nNHx6Ege4cmspAhVoHPaSbVTrO0pqawcLhdhJz9H0Ub4KLvuVTVtNMxMhh6dyHGt3g0%2FhjexzOfozBShaDufpO34K9xaROx1feRVSjC8cgcofh03qOwCCZHLe2M2QcL6%2FbvoHCgx0NcPgMi30QtKP1mA7BYZPpxeJLexWvZfe2todmJfmpbNrXnqXjTaYLCBU0RKnrlIKcfhorix7jXt7MNVc9AIu4EfDZlNEwRr%2B3STfYHGn%2FB5b3e4yLnbe5AFo%2FoVMhbwnaRcSmb7nUimbzi6bMH6AKFSg5hD4P%2Bj2CVvS6QkrpszyaIoCuwrUM2Vi5bq9fxYHuPhKR8bKmJsa%2BjFovz4OzRa6vMazr5Q3x9pOdjfOLR6qN48nuI%2B1Uju%2BRLjWLfBBmiitFHrqzn2uDMx9fSm7VRv%2FpsGVJjQOIMS03m13YAnzFDQpOVXrumE0IYWoVbuYGHPlT4OngYKgyg9ZO2oWjkSR%2BrB%2FDJCOEMt67pAoo8Ur8ApQbJE2qH6sAOiEA%2FCWTmW%2B9DUKkfOS6PLJDcjWC%2FhbxWbV5vCyP3je3GyvpCudegeslZ33K9SYQUkrBloG5D5I7Ny6hS13M7aW1KWbxX52XwDfkLIyuldBS3f8m8e6nLmzUhNzs2VE%2B%2Bisqs3JAEppg%3D%3D&nvMid=29030294586&catId=50000248
APLLE 아이폰13 미니 128GB 미개봉 미개통 새상품,685260,https://cr.shopping.naver.com/adcr.nhn?x=el28Q3EEt3ZF9KOZyGd3U%2F%2F%2F%2Fw%3D%3DsD8JnYwvMcYJPTSHZarEmStsFwAkaOATvN8fWeDi9ip1WQE1WikGGRjsm7ORTamZ73haLUGae3nPV31FUZcsplewzCLfmX%2Bbx6NeancMehZ2GVRICq3FtpreKOUkjc47KAElAlf1Es9OlwPR9tMYOTLD9cbDzdvBhYP28y8rhu4mr9N9rARz1GwL8SD%2B61y0rBbspo%2FCvyHzNrJK2pukJhlZD2HQF%2BLJOpMnX753LHkVd3%2Btp49bqdfzQv4tfh968M8OkYitpuK2na6nToNpF%2BLngnxQ7ssMZd09T0OjyjIxearTBvydD1LUI3JWpCADIQmXmsT9cE8YRdOnv1j%2FkBl2tT2AG9M5jxdXEaCkbHF3OVkRpxq9BFsz7LsPksn2R1TZR6bB8kqrgEe4nQJlmGoLTMvLed%2F4hK0RrW%2FSgkAQ7xbbH7oY5TjiGNj4vbVuky8PMWokf6nkXYpCYb0D4RydBS9rbqCTeL9QdZ7KCpSjm3eyD8FXR%2FU4cyJZmmw%2F369HkXqpmcjWFRMh4Yc8tWwA1lUp2I7ShU%2FXE6HK1P2rZlVYLDEJpnI8cF6CMPSIWORSo36UnjcGY2yMpjwZU5EFbhiezewhKXMknzSXfMxaFbDf4gHI5rSMJU1BWcIOg&nvMid=28956594759&catId=50001519
Apple 아이폰 13 mini 자급제 256GB 핑크,1090000,https://cr.shopping.naver.com/adcr.nhn?x=2569sNNCUnan83OKuhOMOf%2F%2F%2Fw%3D%3DsQvjzIG8goA7T1BqcRpWO5AyGF2LmLNQcX91dlyLv4fthJz9H0Ub4KLvuVTVtNMxMamfMKk3gxN1TC8s%2BS5cqGRShaDufpO34K9xaROx1feRVSjC8cgcofh03qOwCCZHLe2M2QcL6%2FbvoHCgx0NcPgG3JzeXxkSdTecfUR4%2FvRQjd%2BKwjnmE8nmku4yNhWgwhmfLAARyRl0caaiEG3Q2bq9D4xCf1yKuZGZlWoMqRNxTp2ELNkX%2BvBMqEEJUG%2FxZYQnhwNsmOtDpWoXU74lX43aK5uUEs%2BqMGnIyvfnClDLAjhYTLiC0gOqwl71slpCMEvQs%2BNAxDQvOwdvOtmCYVFcv%2BjB2erv%2BZ%2Brrs5VHOiTRLlIk0uAh1LVcUK1nkYRMYaeqzu5Gs10QZV%2BxnjcKk5LLPcTFFi49UgbpgPEYtVJ0Mbh6%2FL4zXePrhRg6eFPIZV%2BhUJO6TFLQy5j31fMgHvz6FURihOvVNK6%2BarovFEXabeybS%2FJS7KxefviT1VQ9NfautRqz2yMzaqu%2FpWkHH0NjWcyu%2B1us0999duapJ4kfBut%2FiS9yMbJC5e0qD%2FRmdmGvDBBdyPjdjoqXOuqaq4Hyw0eljN08nIraEUNsu6GsaIbT4wPT2RVq4kndhIVrUZFtykiK2AkEJSg7u3At4Yyf5j%2FoOl5UhvofKSoZ8sM3LVWGr8fvvH1mWvUgXPK6j&nvMid=29064819083&catId=50001519
Apple 아이폰 13 mini 자급제 128GB 핑크,950000,https://cr.shopping.naver.com/adcr.nhn?x=Xe78pZ6uWLEtTMrduMqNk%2F%2F%2F%2Fw%3D%3DsuSOH7YV0asDvaTDOUHHYBS2Dsxu14tdPxXuL1nGpA9BhJz9H0Ub4KLvuVTVtNMxM3zqP1h4WTIjxiYFeplF7YRShaDufpO34K9xaROx1feRVSjC8cgcofh03qOwCCZHLe2M2QcL6%2FbvoHCgx0NcPgG3JzeXxkSdTecfUR4%2FvRQjd%2BKwjnmE8nmku4yNhWgwhmfLAARyRl0caaiEG3Q2bq9D4xCf1yKuZGZlWoMqRNxSqp7TyVOBRuK8g0dCsXCO31yLwpMv42Y4%2FD4lET2D85KK5uUEs%2BqMGnIyvfnClDLDJesBg08O%2BjLllsf8gZl5ivQs%2BNAxDQvOwdvOtmCYVFcv%2BjB2erv%2BZ%2Brrs5VHOiTRLlIk0uAh1LVcUK1nkYRMYoyPV2MBuNdArPZ10WMMMAR50RyIdbYOSqCK98an7slAMbh6%2FL4zXePrhRg6eFPIZLMaYvZ2oS%2B%2FWogyAvjic%2Fj6FURihOvVNK6%2BarovFEXabeybS%2FJS7KxefviT1VQ9NfautRqz2yMzaqu%2FpWkHH0ClIUVAQYTC9xE2vzkUH%2FCDBut%2FiS9yMbJC5e0qD%2FRmdfZJK%2BUccKd%2BfD2uYd4VMifdo4DclsTWjvPw%2B6Kr%2FGJ3ZlVYLDEJpnI8cF6CMPSIWlEkQeB26NpmE260D4y4QNhe%2F616vflZq3iygCsTuWaGFbDf4gHI5rSMJU1BWcIOg&nvMid=29619937553&catId=50001519
Apple 아이폰 13 Pro 자급제 128GB 실버,1350000,https://cr.shopping.naver.com/adcr.nhn?x=zkyVLheNNMPRLv8WVHJPzP%2F%2F%2Fw%3D%3Dsl82ZNond4D2fwTCPM6rKpZmZjrerBZunuKM2zrndyHVhJz9H0Ub4KLvuVTVtNMxMD%2FQfOGWHJUSZv8ipysbxNRShaDufpO34K9xaROx1feRVSjC8cgcofh03qOwCCZHLe2M2QcL6%2FbvoHCgx0NcPgG3JzeXxkSdTecfUR4%2FvRQjd%2BKwjnmE8nmku4yNhWgwhmfLAARyRl0caaiEG3Q2bq388zh24s915aMpp%2Bzw2FU2I6v2sVBJZlS0k1EdST6%2FFkADnA9V1ZnLoH%2B8ynq3KzqK5uUEs%2BqMGnIyvfnClDLCdz%2B%2F1kbb95oU7%2BY9dxpWSvQs%2BNAxDQvOwdvOtmCYVFcv%2BjB2erv%2BZ%2Brrs5VHOiTRLlIk0uAh1LVcUK1nkYRMYVqmBmR9OIqGBthmGvxQpmmVrYV3skC%2Bb%2FBLY3G5HgJMMbh6%2FL4zXePrhRg6eFPIZBqJn9cvr6Y6N%2Bj59Er03O3ornTeMFMWI76yU7BvGjg6beybS%2FJS7KxefviT1VQ9NwfYDf1hGa6o8h3mRHOd4NI2eAmsbHbomvWajfnl3VAGfaAbg3aS2CjWECV41msgGw%2Blwnc5EkZqbU16iiv5MdmKraOWOgKmBbaTAt42se%2F3ZlVYLDEJpnI8cF6CMPSIWXHemdKPn07YMVDhndGaIiwpoiDf0P2R1ilRXHVwBiNGFbDf4gHI5rSMJU1BWcIOg&nvMid=29104707957&catId=50001519
Apple 아이폰 13 Pro 자급제 128GB 시에라 블루,1350000,https://cr.shopping.naver.com/adcr.nhn?x=qwXHWGID%2F91O82x9kA36Y%2F%2F%2F%2Fw%3D%3DskijTKHdUwNmNOlKeAcvoIf9umDK4IC%2BUvbFripg1ZChhJz9H0Ub4KLvuVTVtNMxMYU%2BxL6RLyfd1pPRkZQF82RShaDufpO34K9xaROx1feRVSjC8cgcofh03qOwCCZHLe2M2QcL6%2FbvoHCgx0NcPgG3JzeXxkSdTecfUR4%2FvRQjd%2BKwjnmE8nmku4yNhWgwhmfLAARyRl0caaiEG3Q2bq388zh24s915aMpp%2Bzw2FU1fpXI1HS6zWZCVgHNwkqAnHykCBuac9iEVs3oV6P5cEqK5uUEs%2BqMGnIyvfnClDLC2%2B8gfjvXOvkS%2B%2F8bztmshvQs%2BNAxDQvOwdvOtmCYVFcv%2BjB2erv%2BZ%2Brrs5VHOiTRLlIk0uAh1LVcUK1nkYRMYCUdYLeDpLTUWZ9x1FjxC4B9M3bcTuNvDfQzk4%2FzV4MIMbh6%2FL4zXePrhRg6eFPIZv6XVha5esd%2Bix1xTux8Y6W4Jfup8rDe4spUk8vsQQKGbeybS%2FJS7KxefviT1VQ9NwfYDf1hGa6o8h3mRHOd4NPH7Ryx1lLf%2BFTG86hl%2FsK1gW94xzazQ0N3PUkq0wqTuBkPYMPTgQmM8WFVNjU1jhdLljvcPL2FSiQA%2F5gj7hbC5PcsdixOKM84nfw%2BU7IK6sm8aMrhUaZKX14d%2FNQu4SVoIZFp2uy9erYzSutinxWE%2BbZXZYuPSgt%2B%2B1dICr2M%2BDVCYCaeglF2rgr1u2OQIzQ%3D%3D&nvMid=29056584214&catId=50001519
Apple 아이폰 13 Pro Max 자급제 256GB 실버,1630000,https://cr.shopping.naver.com/adcr.nhn?x=lCZKUxa1nvzDFHOahU0Aiv%2F%2F%2Fw%3D%3DsPRX8Or8kfNYRPZjWlveILSLdCPhy8YQesY7e7dveS9dWQE1WikGGRjsm7ORTamZ7jrX5F0vy7G2QNJIZtBSsUewzCLfmX%2Bbx6NeancMehZ2GVRICq3FtpreKOUkjc47K0oj5kiQpGINekszdWl8oq3zmYN%2Fcvl75AGnByk2TjWEm5OY6%2FBA05LWPXaqTF3xXnI3Q%2FuFm111yFJnQ1iq5B8yqYOkiKb1ApCRXmI5eF0ti9t39KdHNywDzmIqi35MsrKjuZAVT7lEA%2BrPmhoyQrewViFu89UAhDKyVWT5tkv77dH2HVR5vZqa3gPX3jUQd1DtgpEeC8NjaGxm18qmjylVd6Z%2BmZ5fvTALbBBPmfKLmnGLANk9TjQtjOEdf9xG%2Fe%2Bt33PPp49XLbZ81%2Bb7kcT2M3mI0cjzy%2FkCMStsf8pC9fzZjkiWz1wt4EO7UvJkHN3VrxhulFOR556M8UpS7bEtB7vhOx0nxSI7ZizhQJ8uN4%2FbarDGulZ7nI%2BlTukuYpJK8%2BMEVHJesam6Vj8D8yzUPvww3bTiPBp5izfmgRs8hwTy9hPmAQzBeK5qT%2BzMD9aN3w4hpcVfhZJxUGUvM9aohBXnDREnUJPqKDhT%2FnloaIbT4wPT2RVq4kndhIVrU1tBnYxLWSN0k1gFof%2BIvOq%2F7D31fXAT7nAgtraJ2jkfLVWGr8fvvH1mWvUgXPK6j&nvMid=29477160010&catId=50001519
Apple 아이폰 13 Pro Max 자급제 256GB 시에라 블루,1630000,https://cr.shopping.naver.com/adcr.nhn?x=dkAwKYiHt%2FRRrSC%2B5xDcKv%2F%2F%2Fw%3D%3DsisX%2FHrX%2BHaUWUf%2BWs23OPXoU1DVstTC%2BESfIZcUenodhJz9H0Ub4KLvuVTVtNMxMwvrhoztEV6sJjj04wJB%2BhxShaDufpO34K9xaROx1feRVSjC8cgcofh03qOwCCZHLe2M2QcL6%2FbvoHCgx0NcPgG3JzeXxkSdTecfUR4%2FvRQjd%2BKwjnmE8nmku4yNhWgwhmfLAARyRl0caaiEG3Q2bq8qTzqn6P1DP1IgJ5KU6NAQaKQRLPXtCJXGeTzmOxceNCfjWk%2B%2FTqAmb0bubn8eSIqK5uUEs%2BqMGnIyvfnClDLDEy5VKQVxIrj%2Fka6kqTiJWvQs%2BNAxDQvOwdvOtmCYVFcv%2BjB2erv%2BZ%2Brrs5VHOiTRLlIk0uAh1LVcUK1nkYRMYdbrzD1lRu%2F6LI0olsBjt1jocHN94ytAZbUYYN7RR2C8Mbh6%2FL4zXePrhRg6eFPIZxE%2FGtzdPRyK4wRHT%2BKY0hz6FURihOvVNK6%2BarovFEXabeybS%2FJS7KxefviT1VQ9Nt1%2FT24%2FSTpXUMBi3utdDIYAV14bcmSViYETGWD%2FjOaD%2BD6CUR9TdvoG%2BW5ohOVzZpZF%2BuO2XY48Pfq%2BTHL6fmjkgM1JfU4tusAX0zTDYYgIed2jeUri935kBhp6SGAEffBWew7K%2BNgTzofk5xuamU%2FtU8KPamSfnyZuErM2%2F6pUWjFwfcfMNM%2FFmiqe8Q9uJgqgOvq6z5EpEI5N2xav1Mg%3D%3D&nvMid=29056562163&catId=50001519
Apple 아이폰 13 Pro 자급제 256GB 그래파이트,1490000,https://cr.shopping.naver.com/adcr.nhn?x=cwMJB1odju%2BaanYJQuvBkP%2F%2F%2Fw%3D%3DsrQW6TDhEZ7n3MucwRnjn5Srrg7z%2BKn7nqGnHckOPLMRhJz9H0Ub4KLvuVTVtNMxMrU6fIpxGPvU05Rj0RzN2qBShaDufpO34K9xaROx1feRVSjC8cgcofh03qOwCCZHLe2M2QcL6%2FbvoHCgx0NcPgG3JzeXxkSdTecfUR4%2FvRQjd%2BKwjnmE8nmku4yNhWgwhmfLAARyRl0caaiEG3Q2bq388zh24s915aMpp%2Bzw2FU3BOF2PTGxYUkGe0tSl5RaybBG5zRjiSccKxE%2F9dsLxaqK5uUEs%2BqMGnIyvfnClDLCj0OXo2p8WrhPA%2B6j%2FKkzpvQs%2BNAxDQvOwdvOtmCYVFcv%2BjB2erv%2BZ%2Brrs5VHOiTRLlIk0uAh1LVcUK1nkYRMYzR6VX9NrgM90nzAWvThdrB50RyIdbYOSqCK98an7slAMbh6%2FL4zXePrhRg6eFPIZb%2B9Ln5Rs2hPowzjvwQcVrcb9fe38o2Eslxa66FmBFHabeybS%2FJS7KxefviT1VQ9NwfYDf1hGa6o8h3mRHOd4NAjLBwFz8RH8HPOT5caPksam6Sv3q7KBF%2B0NTLuZRld0D08EF1vCEEnyhODcLwsO6mgK41UbEGDaQHBZ7sbub43mELFO07QEQYUyi%2Bk709RTNQVebIxbNxYAs3Pydxmy%2B3FkGLp9i29j6GEEsKFdx0RvU2Y6hEEwGxc1AZfON9sL4VRAH%2BsMDObarUodGweR8Q%3D%3D&nvMid=29491649205&catId=50001519
Apple 아이폰 13 Pro 자급제 256GB 시에라 블루,1490000,https://cr.shopping.naver.com/adcr.nhn?x=eHXZ39xCxfgbvXOTOW8y%2B%2F%2F%2F%2Fw%3D%3DsJoexbwqHJAuIfN8RCRA0cfR25WAlkKAuGNYQC0G2fCthJz9H0Ub4KLvuVTVtNMxM7cCM8E7ztSFv613xPn70fRShaDufpO34K9xaROx1feRVSjC8cgcofh03qOwCCZHLe2M2QcL6%2FbvoHCgx0NcPgG3JzeXxkSdTecfUR4%2FvRQjd%2BKwjnmE8nmku4yNhWgwhmfLAARyRl0caaiEG3Q2bq388zh24s915aMpp%2Bzw2FU2NE2xgijabBzFMLlDdWHF0B4RyGTeH45rBpKAmQcImSKK5uUEs%2BqMGnIyvfnClDLBwse4sRcKnLSO0V2GNLKuFvQs%2BNAxDQvOwdvOtmCYVFcv%2BjB2erv%2BZ%2Brrs5VHOiTRLlIk0uAh1LVcUK1nkYRMY%2BCXP9WSf7lrthhBD%2F8Rs614pNDnLoaa56Ox1Vt7ar0kMbh6%2FL4zXePrhRg6eFPIZ9qQ6X%2FZflauJr3Jz%2BYgaw24Jfup8rDe4spUk8vsQQKGbeybS%2FJS7KxefviT1VQ9NwfYDf1hGa6o8h3mRHOd4NN%2B9btxjVXWoH77f9yn8mnlgW94xzazQ0N3PUkq0wqTuBkPYMPTgQmM8WFVNjU1jhUDMPUIO9zLZhU5dsa1p2J65PcsdixOKM84nfw%2BU7IK6hyAM06OUBYEDGY8PJPgpU%2FNDFZXtB5BOFFlTFTf8prZvU2Y6hEEwGxc1AZfON9sL4VRAH%2BsMDObarUodGweR8Q%3D%3D&nvMid=29493212444&catId=50001519
Apple 아이폰 13 Pro Max 자급제 128GB 그래파이트,1490000,https://cr.shopping.naver.com/adcr.nhn?x=wQAn%2BZ%2Fg7AKFtY8VDNp7jP%2F%2F%2Fw%3D%3DsTs1sHizD%2FcVJGxslHzBmKRJbstk%2FHc8GYwhvgi8w5RVWQE1WikGGRjsm7ORTamZ768T%2FAsrMqAegBIS7LWS4JuwzCLfmX%2Bbx6NeancMehZ2GVRICq3FtpreKOUkjc47K0oj5kiQpGINekszdWl8oq3zmYN%2Fcvl75AGnByk2TjWEm5OY6%2FBA05LWPXaqTF3xXnI3Q%2FuFm111yFJnQ1iq5B8yqYOkiKb1ApCRXmI5eF0v80VZPULiZ%2BksEBIkIysPzf7DGboK6g88KVoUleo4qL3MKoQpV%2FxBo5fzRc7UtvB0eqkwmfNg8kNg59FJM06AF1DtgpEeC8NjaGxm18qmjylVd6Z%2BmZ5fvTALbBBPmfKLmnGLANk9TjQtjOEdf9xG%2FNvBoAePi6e0qVQEhfSNm1T2M3mI0cjzy%2FkCMStsf8pC9fzZjkiWz1wt4EO7UvJkHZPMGqdS67aXdrblBA0b5B0tB7vhOx0nxSI7ZizhQJ8uN4%2FbarDGulZ7nI%2BlTukuYpJK8%2BMEVHJesam6Vj8D8y4dFLQLsvQq%2FnFUIJ8CmhjShyiNtgfCVtIsBB2VB2gK4BkPYMPTgQmM8WFVNjU1jhSHNLzlKzClt8HHcGYGq5Fm5PcsdixOKM84nfw%2BU7IK6ASvxP89P2csp6JyuCIpgrcYwAUWqZdDbyFNdW6bl4PDXVKRe8%2FEIUv07%2BhtwRORUDVCYCaeglF2rgr1u2OQIzQ%3D%3D&nvMid=29493189067&catId=50001519
Apple 아이폰 13 mini 자급제 512GB 핑크,1360000,https://cr.shopping.naver.com/adcr.nhn?x=yMc%2BSpEMUHtP3MtyKOkgr%2F%2F%2F%2Fw%3D%3DsMHg%2F6t%2Bf0cbKkWSJhQR6RraG3DP0BF1yqtlAkD3FjiMbsBKbbjTB%2BBCjsLv6tz%2BjMNeBiUISBIACG8N893TC32d0xQQKe9J%2BBYzQl1CDxC%2BLEGxUoLVvWJio2iwp4qw5Rg8PGJVadqPmniv10HuGbHULJJH%2BMKqMyaVu%2BUeO3m60%2B85WmSKK5LY2dJjcChMGEH%2BAaYhDPzU3ewm5W9RQFdZvC7h88OrTsd6pZT12o8iUAI%2BplqnzwQwbhAwFl2lK7xJ9vNO%2FMSNTHT80o3t%2BB7S5nP%2B8vPWPfSBwfu8dRnXxhSoDPqHcLbyk1phj1TDAWYmptNhxbeDXus8BCYiouN9%2BKy%2Fm0d%2BgYWHtEf61Jo4AUk0tbEb%2BPaAR8Zvsauh4x08tczb0Y3AHHzjfTKzueCTgj2B46PruMpv2rt0PuqlXfqiCwBtPYYwEdSt6i2JAiwa%2F%2Fn2XVp3656lkI5f7CVkKzoLEuQu73Wze54OhdAkJYq2oTMcSZCfks52RD10qZu4C4QxzR8Lg1KBZKrR%2FsSmL760i2fsNqFu4jRVYWScK9jdfcH0xpqoXRt2Y6fO%2BIiM%2FrDOpkm95Bfxnh%2BM6c9FyV40z%2FRKsAejXysqKaq58CXl251OpmWizflz2KEWcTtYW1R9JyZZFUfYDc%2Bjp9%2Fol3bfSHymk0xp1mmbAtAbHICEQpPL7Rm%2B2fyhjEhHR&nvMid=29284257918&catId=50001519
"[하이마트][11/27일 입고예정] 아이폰 13 미니 자급제 (128GB, 핑크)",950000,https://cr.shopping.naver.com/adcr.nhn?x=y2H4USoFgR0Ti3HdJeCclv%2F%2F%2Fw%3D%3DshzPaxXtlT0pe6vzGmrqUrFD8onG9UuGtK10fKZHJAjJhJz9H0Ub4KLvuVTVtNMxMSH24EETWXDRETBbnCRwsWRShaDufpO34K9xaROx1feRVSjC8cgcofh03qOwCCZHLctl6xVlLZ9WyWSM%2F12bGuwQ8NM2E%2F51ndsii2lK9WODSzEDLfH9AMugdWPN%2B0NlOm553hdOfEMq4S6BgsX72nvee3jTEBHQ12vtGXEeahRLakCy9SERarGbZEECjahf%2F5uCX%2FXC1W3TY7%2BwjfLHK7QeKzOQ4FNySvIaokig2An3sc6MzMHQiHO0%2FYt%2BnYv6odDqpTGEWc0AOPO%2B30%2BPyT33O%2BqKTuSNGixG4Ma6BicVIAJ%2FJQ9vsa4G5awamMD3Visext5K2yYkF868rsMDqiaRipTIYtznf3uUT3aTnjoUiLFjfxnBnBpX8z0xCfEXdf5S5ycDGuwbfEdv1A6kKwtJsLYkN49i8BQV%2FgQ%2FiUETwgwHOJmzK8QJvQkfSxemZ6Ie2QMXJ4yd4CJ2pLBaDAehnVdOY3m%2FhYwMPYmixzS%2Bu%2BBUk3z6idAvKJWNwHYFWXidWWlmU6nrd6uznt5Dut2lsL0SbsirjLZv0PyZhBLlouxWYuxRWSRylVj6GxPfgJroFdQowpoere%2F4jDo%2F05n%2F%2FpQBNl%2BhqLlLAb1G1jRYugiDh5S8n%2B7Rc0MeNuzgdM2peUj0w89%2BpOXndnZFLfcAGTAqd%2BWyVO6p5m68pbR%2Fke%2FVP%2BgM94BPZkP5YJ%2Bex&nvMid=29107565468&catId=50001519
